"order_date","continued_date","itc_case_number","doc_case_number","ad_cvd","review_sequence_group_number","product_group","product","country","column2","column3","fed_reg","pub_date","link","column1","column12"
"12/08/1978","04/23/2015",AA-188,A-588-068,A,"12",ISO,Prestressed concrete steel wire strand,Japan,,,"80 FR 22708","2015/04/23",http://www.gpo.gov/fdsys/pkg/FR-2015-04-23/pdf/2015-09528.pdf,,
"05/07/1984","02/07/2018",A-132,A-583-008,A,"72",ISP,Small diameter carbon steel pipe ,Taiwan,,,"83 FR 5402","2018/02/07",https://www.gpo.gov/fdsys/pkg/FR-2018-02-07/pdf/2018-02316.pdf,,
"03/05/1986","01/06/2017",A-263,A-122-503,A,"32",ISO,Iron construction castings,Canada,,,"82 FR 1699","2017/01/06",https://www.gpo.gov/fdsys/pkg/FR-2017-01-06/pdf/2017-00028.pdf,,
"03/07/1986","02/07/2018",C-253,C-489-502,C,"72",ISP,Welded carbon steel pipe ,Turkey,,,"83 FR 5402","2012/07/17",https://www.gpo.gov/fdsys/pkg/FR-2018-02-07/pdf/2018-02316.pdf,,
"03/11/1986","02/07/2018",A-252,A-549-502,A,"72",ISP,Welded carbon steel pipe,Thailand,,,"83 FR 5402","2012/07/17",https://www.gpo.gov/fdsys/pkg/FR-2018-02-07/pdf/2018-02316.pdf,,
"05/09/1986","01/06/2017",A-262,A-351-503,A,"32",ISO,Iron construction castings,Brazil,,,"82 FR 1699","2017/01/06",https://www.gpo.gov/fdsys/pkg/FR-2017-01-06/pdf/2017-00028.pdf,,
"05/09/1986","01/06/2017",A-265,A-570-502,A,"32",ISO,Iron construction castings,China,,,"82 FR 1699","2017/01/06",https://www.gpo.gov/fdsys/pkg/FR-2017-01-06/pdf/2017-00028.pdf,,
"05/12/1986","02/07/2018",A-271,A-533-502,A,"72",ISP,Welded carbon steel pipe,India,,,"83 FR 5402","2012/07/17",https://www.gpo.gov/fdsys/pkg/FR-2018-02-07/pdf/2018-02316.pdf,,
"05/15/1986","02/07/2018",A-273,A-489-501,A,"72",ISP,Welded carbon steel pipe ,Turkey,,,"83 FR 5402","2012/07/17",https://www.gpo.gov/fdsys/pkg/FR-2018-02-07/pdf/2018-02316.pdf,,
"05/15/1986","01/06/2017",C-249,C-351-504,C,"32",ISO,Heavy iron construction castings,Brazil,,,"82 FR 1699","2017/01/06",https://www.gpo.gov/fdsys/pkg/FR-2017-01-06/pdf/2017-00028.pdf,,
"12/02/1986","08/11/2016",A-298,A-570-506,A,"48",ISO,Porcelain-on-steel cooking ware,China,,,"81 FR 53120","2016/08/11",https://www.gpo.gov/fdsys/pkg/FR-2016-08-11/pdf/2016-19143.pdf,,
"12/17/1986","08/23/2016",A-308,A-351-602,A,"37",ISO,Carbon steel butt-weld pipe fittings,Brazil,,,"81 FR 57562","2016/08/23",https://www.gpo.gov/fdsys/pkg/FR-2016-08-23/pdf/2016-20174.pdf,,
"12/17/1986","08/23/2016",A-310,A-583-605,A,"37",ISO,Carbon steel butt-weld pipe fittings,Taiwan,,,"81 FR 57562","2016/08/23",https://www.gpo.gov/fdsys/pkg/FR-2016-08-23/pdf/2016-20174.pdf,,
"02/10/1987","08/23/2016",A-309,A-588-602,A,"37",ISO,Carbon steel butt-weld pipe fittings,Japan,,,"81 FR 57562","2016/08/23",https://www.gpo.gov/fdsys/pkg/FR-2016-08-23/pdf/2016-20174.pdf,,
"07/06/1992","08/23/2016",A-520,A-570-814,A,"37",ISO,Carbon steel butt-weld pipe fittings,China,,,"81 FR 57562","2016/08/23",https://www.gpo.gov/fdsys/pkg/FR-2016-08-23/pdf/2016-20174.pdf,,
"07/06/1992","08/23/2016",A-521,A-549-807,A,"37",ISO,Carbon steel butt-weld pipe fittings,Thailand,,,"81 FR 57562","2016/08/23",https://www.gpo.gov/fdsys/pkg/FR-2016-08-23/pdf/2016-20174.pdf,,
"11/02/1992","02/07/2018",A-532,A-351-809,A,"72",ISP,Circular welded nonalloy steel pipe,Brazil,,,"83 FR 5402","2018/02/07",https://www.gpo.gov/fdsys/pkg/FR-2018-02-07/pdf/2018-02316.pdf,,
"11/02/1992","02/07/2018",A-533,A-580-809,A,"72",ISP,Circular welded nonalloy steel pipe,Korea,,,"83 FR 5402","2018/02/07",https://www.gpo.gov/fdsys/pkg/FR-2018-02-07/pdf/2018-02316.pdf,,
"11/02/1992","02/07/2018",A-534,A-201-805,A,"72",ISP,Circular welded nonalloy steel pipe,Mexico,,,"83 FR 5402","2018/02/07",https://www.gpo.gov/fdsys/pkg/FR-2018-02-07/pdf/2018-02316.pdf,,
"11/02/1992","02/07/2018",A-536,A-583-814,A,"72",ISP,Circular welded nonalloy steel pipe,Taiwan,,,"83 FR 5402","2018/02/07",https://www.gpo.gov/fdsys/pkg/FR-2018-02-07/pdf/2018-02316.pdf,,
"12/30/1992","06/30/2017",A-540,A-580-810,A,"76",ISP,Welded ASTM A-312 stainless steel pipe,Korea,,,"82 FR 29827","2017/06/30",https://www.gpo.gov/fdsys/pkg/FR-2017-06-30/pdf/2017-13988.pdf,,
"12/30/1992","06/30/2017",A-541,A-583-815,A,"76",ISP,Welded ASTM A-312 stainless steel pipe,Taiwan,,,"82 FR 29827","2017/06/30",https://www.gpo.gov/fdsys/pkg/FR-2017-06-30/pdf/2017-13988.pdf,,
"12/01/1993","01/23/2012",A-638,A-533-808,A,"65",ISM,Stainless steel wire rod,India,,,"77 FR 3231","2012/01/23",,,
"02/21/1995","08/09/2017",A-679,A-533-810,A,"85",ISM,Stainless steel bar,India,,,"83 FR 49910","2012/08/09",https://www.gpo.gov/fdsys/pkg/FR-2018-10-03/pdf/2018-21536.pdf,,
"07/02/1996","12/18/2018",A-739,A-588-838,A,"96",ISM,Clad steel plate,Japan,,,"83 FR 64811","2018/12/18",https://www.govinfo.gov/content/pkg/FR-2018-12-18/pdf/2018-27332.pdf,,
"10/24/1997","12/12/2015",A-753,A-570-849,A,"7",ISM,Carbon steel plate ,China,,,"80 FR 79306","2015/12/21",https://www.gpo.gov/fdsys/pkg/FR-2015-12-21/pdf/2015-32022.pdf,,
"10/24/1997","12/12/2015",A-754,A-821-808,A,"7",ISM,Carbon steel plate (Suspended),Russia,,,"80 FR 79306","2015/12/21",https://www.gpo.gov/fdsys/pkg/FR-2015-12-21/pdf/2015-32022.pdf,,
"10/24/1997","12/12/2015",A-756,A-823-808,A,"7",ISM,Carbon steel plate (Suspended),Ukraine,,,"80 FR 79306","2015/12/21",https://www.gpo.gov/fdsys/pkg/FR-2015-12-21/pdf/2015-32022.pdf,,
"09/15/1998","08/15/2016",A-771,A-588-843,A,"10",ISM,Stainless steel wire rod,Japan,,,"81 FR 54043","2016/08/15",https://www.gpo.gov/fdsys/pkg/FR-2016-08-15/pdf/2016-19256.pdf,,
"09/15/1998","08/15/2016",A-772,A-580-829,A,"10",ISM,Stainless steel wire rod,Korea,,,"81 FR 54043","2016/08/15",https://www.gpo.gov/fdsys/pkg/FR-2016-08-15/pdf/2016-19256.pdf,,
"09/15/1998","08/15/2016",A-775,A-583-828,A,"10",ISM,Stainless steel wire rod,Taiwan,,,"81 FR 54043","2016/08/15",https://www.gpo.gov/fdsys/pkg/FR-2016-08-15/pdf/2016-19256.pdf,,
"05/11/1999","01/09/2017",C-379,C-791-806,C,"18",ISM,Stainless steel plate in coils,South Africa,,,"82 FR 2322","2017/01/09",https://www.gpo.gov/fdsys/pkg/FR-2017-01-09/pdf/2017-00140.pdf,,
"05/21/1999","01/09/2017",A-788,A-423-808,A,"18",ISM,Stainless steel plate in coils,Belgium,,,"82 FR 2322","2017/01/09",https://www.gpo.gov/fdsys/pkg/FR-2017-01-09/pdf/2017-00140.pdf,,
"05/21/1999","01/09/2017",A-792,A-791-805,A,"18",ISM,Stainless steel plate in coils,South Africa,,,"82 FR 2322","2017/01/09",https://www.gpo.gov/fdsys/pkg/FR-2017-01-09/pdf/2017-00140.pdf,,
"05/21/1999","01/09/2017",A-793,A-583-830,A,"18",ISM,Stainless steel plate in coils,Taiwan,,,"82 FR 2322","2017/01/09",https://www.gpo.gov/fdsys/pkg/FR-2017-01-09/pdf/2017-00140.pdf,,
"07/12/1999","10/20/2016",A-808,A-821-809,A,"24",ISM,Hot-rolled carbon steel flat products,Russia,,,"81 FR 72569","2016/10/20",https://www.gpo.gov/fdsys/pkg/FR-2016-10-20/pdf/2016-25431.pdf,,
"07/27/1999","10/03/2017",A-800,A-588-845,A,"25",ISM,Stainless steel sheet & strip,Japan,,,"82 FR 46036","2017/10/03",https://www.gpo.gov/fdsys/pkg/FR-2017-10-03/pdf/2017-21210.pdf,,
"07/27/1999","10/03/2017",A-801,A-580-834,A,"25",ISM,Stainless steel sheet & strip,Korea,,,"82 FR 46036","2017/10/03",https://www.gpo.gov/fdsys/pkg/FR-2017-10-03/pdf/2017-21210.pdf,,
"07/27/1999","10/03/2017",A-803,A-583-831,A,"25",ISM,Stainless steel sheet & strip,Taiwan,,,"82 FR 46036","2017/10/03",https://www.gpo.gov/fdsys/pkg/FR-2017-10-03/pdf/2017-21210.pdf,,
"08/06/1999","10/03/2017",C-382,C-580-835,C,"25",ISM,Stainless steel sheet & strip,Korea,,,"82 FR 46036","2017/10/03",https://www.gpo.gov/fdsys/pkg/FR-2017-10-03/pdf/2017-21210.pdf,,
"02/10/2000","03/12/2018",A-817,A-533-817,A,"40",ISM,Carbon steel plate,India,,,"83 FR 10672","2018/03/12",https://www.gpo.gov/fdsys/pkg/FR-2018-03-12/pdf/2018-04846.pdf,,
"02/10/2000","03/12/2018",A-818,A-560-805,A,"40",ISM,Carbon steel plate,Indonesia,,,"83 FR 10672","2018/03/12",https://www.gpo.gov/fdsys/pkg/FR-2018-03-12/pdf/2018-04846.pdf,,
"02/10/2000","03/12/2018",A-821,A-580-836,A,"40",ISM,Carbon steel plate,Korea,,,"83 FR 10672","2018/03/12",https://www.gpo.gov/fdsys/pkg/FR-2018-03-12/pdf/2018-04846.pdf,,
"02/10/2000","03/12/2018",C-388,C-533-818,C,"40",ISM,Carbon steel plate,India,,,"83 FR 10672","2018/03/12",https://www.gpo.gov/fdsys/pkg/FR-2018-03-12/pdf/2018-04846.pdf,,
"02/10/2000","03/12/2018",C-389,C-560-806,C,"40",ISM,Carbon steel plate,Indonesia,,,"83 FR 10672","2018/03/12",https://www.gpo.gov/fdsys/pkg/FR-2018-03-12/pdf/2018-04846.pdf,,
"02/10/2000","03/12/2018",C-391,C-580-837,C,"40",ISM,Carbon steel plate,Korea,,,"83 FR 10672","2018/03/12",https://www.gpo.gov/fdsys/pkg/FR-2018-03-12/pdf/2018-04846.pdf,,
"02/23/2001","12/29/2017",A-865,A-475-828,A,"82",ISO,Stainless steel butt-weld pipe fittings,Italy,,,"82 FR 61751","2017/12/29",https://www.gpo.gov/fdsys/pkg/FR-2017-12-29/pdf/2017-28196.pdf,,
"02/23/2001","12/29/2017",A-866,A-557-809,A,"82",ISO,Stainless steel butt-weld pipe fittings,Malaysia,,,"82 FR 61751","2017/12/29",https://www.gpo.gov/fdsys/pkg/FR-2017-12-29/pdf/2017-28196.pdf,,
"02/23/2001","12/29/2017",A-867,A-565-801,A,"82",ISO,Stainless steel butt-weld pipe fittings,Philippines,,,"82 FR 61751","2017/12/29",https://www.gpo.gov/fdsys/pkg/FR-2017-12-29/pdf/2017-28196.pdf,,
"09/07/2001","12/17/2018",A-873,A-822-804,A,"92",ISM,Steel concrete reinforcing bar,Belarus,,,"83 FR 64530","2018/12/17",https://www.govinfo.gov/content/pkg/FR-2018-12-17/pdf/2018-27239.pdf,,
"09/07/2001","12/17/2018",A-874,A-570-860,A,"92",ISM,Steel concrete reinforcing bar,China,,,"83 FR 64530","2018/12/17",https://www.govinfo.gov/content/pkg/FR-2018-12-17/pdf/2018-27239.pdf,,
"09/07/2001","12/17/2018",A-875,A-560-811,A,"92",ISM,Steel concrete reinforcing bar,Indonesia,,,"83 FR 64530","2018/12/17",https://www.govinfo.gov/content/pkg/FR-2018-12-17/pdf/2018-27239.pdf,,
"09/07/2001","12/17/2018",A-878,A-449-804,A,"92",ISM,Steel concrete reinforcing bar,Latvia,,,"83 FR 64530","2018/12/17",https://www.govinfo.gov/content/pkg/FR-2018-12-17/pdf/2018-27239.pdf,,
"09/07/2001","12/17/2018",A-879,A-841-804,A,"92",ISM,Steel concrete reinforcing bar,Moldova,,,"83 FR 64530","2018/12/17",https://www.govinfo.gov/content/pkg/FR-2018-12-17/pdf/2018-27239.pdf,,
"09/07/2001","12/17/2018",A-880,A-455-803,A,"92",ISM,Steel concrete reinforcing bar,Poland,,,"83 FR 64530","2018/12/17",https://www.govinfo.gov/content/pkg/FR-2018-12-17/pdf/2018-27239.pdf,,
"09/07/2001","12/17/2018",A-882,A-823-809,A,"92",ISM,Steel concrete reinforcing bar,Ukraine,,,"83 FR 64530","2018/12/17",https://www.govinfo.gov/content/pkg/FR-2018-12-17/pdf/2018-27239.pdf,,
"11/29/2001","02/07/2014",A-899,A-570-865,A,"93",ISM,Hot-rolled carbon steel flat products,China,,,"79 FR 7425","2014/02/04",http://www.gpo.gov/fdsys/pkg/FR-2014-02-07/pdf/2014-02696.pdf,,
"11/29/2001","02/07/2014",A-906,A-583-835,A,"93",ISM,Hot-rolled carbon steel flat products,Taiwan,,,"79 FR 7425","2014/02/04",http://www.gpo.gov/fdsys/pkg/FR-2014-02-07/pdf/2014-02696.pdf,,
"11/29/2001","02/07/2014",A-907,A-549-817,A,"93",ISM,Hot-rolled carbon steel flat products,Thailand,,,"79 FR 7425","2014/02/04",http://www.gpo.gov/fdsys/pkg/FR-2014-02-07/pdf/2014-02696.pdf,,
"11/29/2001","02/07/2014",A-908,A-823-811,A,"93",ISM,Hot-rolled carbon steel flat products,Ukraine,,,"79 FR 7425","2014/02/04",http://www.gpo.gov/fdsys/pkg/FR-2014-02-07/pdf/2014-02696.pdf,,
"12/03/2001","02/07/2014",A-900,A-533-820,A,"93",ISM,Hot-rolled carbon steel flat products,India,,,"79 FR 7425","2014/02/04",http://www.gpo.gov/fdsys/pkg/FR-2014-02-07/pdf/2014-02696.pdf,,
"12/03/2001","02/07/2014",A-901,A-560-812,A,"93",ISM,Hot-rolled carbon steel flat products,Indonesia,,,"79 FR 7425","2014/02/04",http://www.gpo.gov/fdsys/pkg/FR-2014-02-07/pdf/2014-02696.pdf,,
"12/03/2001","02/07/2014",C-405,C-533-821,C,"93",ISM,Hot-rolled carbon steel flat products,India,,,"79 FR 7425","2014/02/04",http://www.gpo.gov/fdsys/pkg/FR-2014-02-07/pdf/2014-02696.pdf,,
"12/03/2001","02/07/2014",C-406,C-560-813,C,"93",ISM,Hot-rolled carbon steel flat products,Indonesia,,,"79 FR 7425","2014/02/04",http://www.gpo.gov/fdsys/pkg/FR-2014-02-07/pdf/2014-02696.pdf,,
"12/03/2001","02/07/2014",C-408,C-549-818,C,"93",ISM,Hot-rolled carbon steel flat products,Thailand,,,"79 FR 7425","2014/02/04",http://www.gpo.gov/fdsys/pkg/FR-2014-02-07/pdf/2014-02696.pdf,,
"10/22/2002","07/03/2014",C-417,C-351-833,C,"110",ISM,Carbon steel wire rod,Brazil,,,"85 FR 52953","2020/08/27",https://www.govinfo.gov/content/pkg/FR-2020-08-27/pdf/2020-18900.pdf,,
"10/29/2002","07/03/2014",A-953,A-351-832,A,"110",ISM,Carbon steel wire rod,Brazil,,,"85 FR 52953","2020/08/27",https://www.govinfo.gov/content/pkg/FR-2020-08-27/pdf/2020-18900.pdf,,
"10/29/2002","07/03/2014",A-957,A-560-815,A,"110",ISM,Carbon steel wire rod,Indonesia,,,"85 FR 52953","2020/08/27",https://www.govinfo.gov/content/pkg/FR-2020-08-27/pdf/2020-18900.pdf,,
"10/29/2002","07/03/2014",A-958,A-201-830,A,"110",ISM,Carbon steel wire rod,Mexico,,,"85 FR 52953","2020/08/27",https://www.govinfo.gov/content/pkg/FR-2020-08-27/pdf/2020-18900.pdf,,
"10/29/2002","07/03/2014",A-959,A-841-805,A,"110",ISM,Carbon steel wire rod,Moldova,,,"85 FR 52953","2020/08/27",https://www.govinfo.gov/content/pkg/FR-2020-08-27/pdf/2020-18900.pdf,,
"10/29/2002","07/03/2014",A-961,A-274-804,A,"110",ISM,Carbon steel wire rod,Trinidad & Tobago,,,"85 FR 52953","2020/08/27",https://www.govinfo.gov/content/pkg/FR-2020-08-27/pdf/2020-18900.pdf,,
"04/07/2003","07/09/2019",A-990,A-570-875,A,"114",ISO,Non-malleable cast iron pipe fittings,China,,,"84 FR 32722 ","2019/07/09",https://www.govinfo.gov/content/pkg/FR-2019-07-09/pdf/2019-14561.pdf,,
"12/12/2003","08/12/2014",A-1021,A-570-881,A,"123",ISO,Malleable iron pipe fittings,China,,,"84 FR 66375 ","2019/11/25",https://www.govinfo.gov/content/pkg/FR-2019-12-04/pdf/2019-26216.pdf,,
"01/28/2004","04/23/2015",A-1024,A-351-837,A,"125",ISO,Prestressed concrete steel wire strand,Brazil,,,"80 FR 22708","2015/04/23",http://www.gpo.gov/fdsys/pkg/FR-2015-04-23/pdf/2015-09528.pdf,,
"01/28/2004","04/23/2015",A-1025,A-533-828,A,"125",ISO,Prestressed concrete steel wire strand,India,,,"80 FR 22708","2015/04/23",http://www.gpo.gov/fdsys/pkg/FR-2015-04-23/pdf/2015-09528.pdf,,
"01/28/2004","04/23/2015",A-1026,A-580-852,A,"125",ISO,Prestressed concrete steel wire strand,Korea,,,"80 FR 22708","2015/04/23",http://www.gpo.gov/fdsys/pkg/FR-2015-04-23/pdf/2015-09528.pdf,,
"01/28/2004","04/23/2015",A-1027,A-201-831,A,"125",ISO,Prestressed concrete steel wire strand,Mexico,,,"80 FR 22708","2015/04/23",http://www.gpo.gov/fdsys/pkg/FR-2015-04-23/pdf/2015-09528.pdf,,
"01/28/2004","04/23/2015",A-1028,A-549-820,A,"125",ISO,Prestressed concrete steel wire strand,Thailand,,,"80 FR 22708","2015/04/23",http://www.gpo.gov/fdsys/pkg/FR-2015-04-23/pdf/2015-09528.pdf,,
"02/04/2004","04/23/2015",C-432,C-533-829,C,"125",ISO,Prestressed concrete steel wire strand,India,,,"80 FR 22708","2015/04/23",http://www.gpo.gov/fdsys/pkg/FR-2015-04-23/pdf/2015-09528.pdf,,
"08/06/2004","06/28/2010",A-1047,A-570-888,A,"128",MSC,Ironing tables,China,,,"75 FR 36629","2010/06/28",,,
"07/22/2008","06/26/2019",A-1116,A-570-910,A,"147",ISP,Circular welded carbon quality steel pipe,China,,,"84 FR 30086","2019/06/26",https://www.govinfo.gov/content/pkg/FR-2019-06-26/pdf/2019-13617.pdf,,
"07/22/2008","06/26/2019",C-447,A-570-911,C,"147",ISP,Circular welded carbon quality steel pipe,China,,,"84 FR 30086 ","2019/06/26",http://www.gpo.gov/fdsys/pkg/FR-2013-12-04/pdf/2013-29028.pdf,,
"08/01/2008","01/10/2014",A-1114,A-570-909,A,"148",ISO,Steel nails,China,,,"84 FR 66151 ","2014/01/10",https://www.govinfo.gov/content/pkg/FR-2019-12-03/pdf/2019-26140.pdf,,
"10/06/2008","03/11/2014",A-1123,A-570-918,A,"153",ISO,Steel wire garment hangers,China,,,"84 FR 45127","2019/08/28",https://www.govinfo.gov/content/pkg/FR-2019-08-28/pdf/2019-18599.pdf,http://www.gpo.gov/fdsys/pkg/FR-2014-03-28/pdf/2014-06713.pdf,
"01/23/2009","05/20/2014",C-455,C-570-936,C,"158",ISP,Circular welded carbon quality steel line pipe,China,,,"84 FR 52456","2019/09/25",http://www.gpo.gov/fdsys/pkg/FR-2014-05-20/pdf/2014-11682.pdf,,
"2009/04/14","03/03/2020",A-1145,A-570-932,A,"161",ISO,Steel threaded rod,China,,,"85 FR 13625","2020/03/09",https://www.govinfo.gov/content/pkg/FR-2019-11-29/pdf/2019-25888.pdf,,
"2009/05/13","2014/05/20",A-1149,A-570-935,A,"158",ISP,Circular welded carbon quality steel line pipe,China,,,"84 FR 52456","2019/09/25",http://www.gpo.gov/fdsys/pkg/FR-2014-05-20/pdf/2014-11682.pdf,,
"2010/06/29","2015/10/13",A-1160,A-570-945,A,"171",ISO,Prestressed Concrete Steel Wire Strand,China,,,"80 FR 61372","2015/10/13",http://www.gpo.gov/fdsys/pkg/FR-2015-10-13/pdf/2015-25978.pdf,,
"2010/07/07","2015/10/13",C-464,C-570-946,C,"171",ISO,Prestressed Concrete Steel Wire Strand,China,,,"80 FR 61372","2015/10/13",http://www.gpo.gov/fdsys/pkg/FR-2015-10-13/pdf/2015-25978.pdf,,
"2010/07/23","2015/11/12",A-1161,A-570-947,A,"173",ISO,Steel Grating,China,,,"80 FR 69940","2015/11/12",http://www.gpo.gov/fdsys/pkg/FR-2015-11-12/pdf/2015-28755.pdf,,
"2010/07/23","2015/11/12",C-465,C-570-948,C,"173",ISO,Steel Grating,China,,,"80 FR 69940","2015/11/12",http://www.gpo.gov/fdsys/pkg/FR-2015-11-12/pdf/2015-28755.pdf,,
"2010/11/10","2016/03/16",A-1168,A-570-956,A,"178",ISP,"Seamless Carbon and Alloy Steel Standard, Line, and Pressure Pipe",China,,,"81 FR 14089","2016/03/16",https://www.gpo.gov/fdsys/pkg/FR-2016-03-16/pdf/2016-05941.pdf,,
"2010/11/10","2016/03/16",C-469,C-570-957,C,"178",ISP,"Seamless Carbon and Alloy Steel Standard, Line, and Pressure Pipe",China,,,"81 FR 14089","2016/03/16",https://www.gpo.gov/fdsys/pkg/FR-2016-03-16/pdf/2016-05941.pdf,,
"05/10/2012","10/19/2017",A-1185,A-520-804,A,"186",ISO,Steel Nails,United Arab Emirates,,,"82 FR 48681","2017/10/19",https://www.govinfo.gov/content/pkg/FR-2017-10-19/pdf/2017-22684.pdf,,
"06/21/2012","12/05/2017",A-1188,A-570-977,A,"187",ISO,High Pressure Steel Cylinders,China,,,"82 FR 57427","2017/12/05",https://www.gpo.gov/fdsys/pkg/FR-2017-12-05/pdf/2017-26164.pdf,,
"06/21/2012","12/05/2017",C-480,C–570–978,C,"187",ISO,High Pressure Steel Cylinders,China,,,"82 FR 57427","2017/12/05",https://www.gpo.gov/fdsys/pkg/FR-2017-12-05/pdf/2017-26164.pdf,,
"12/10/2012","05/31/2018",A-1197,A-583-849,A,"190",ISO,Steel Wire Garment Hangers,Taiwan,,,"83 FR 24972","2018/05/31",https://www.gpo.gov/fdsys/pkg/FR-2018-05-31/pdf/2018-11541.pdf,,
"02/05/2013","05/31/2018",A-1198,A-552-812,A,"191",ISO,Steel Wire Garment Hangers,Vietnam,,,"83 FR 24972","2018/05/31",https://www.gpo.gov/fdsys/pkg/FR-2018-05-31/pdf/2018-11541.pdf,,
"02/05/2013","08/20/2018",C-487,A-552-813,C,"191",ISO,Steel Wire Garment Hangers,Vietnam,,,"83 FR 42111","2018/08/20",https://www.gpo.gov/fdsys/pkg/FR-2018-08-20/pdf/2018-17908.pdf,,
"2013/04/11","28-Aug",A-1201,C-570-983,A,"194",ISO,Drawn Stainless Steel Sinks,China,,,"83 FR 43847","2018/08/28",https://www.gpo.gov/fdsys/pkg/FR-2018-08-28/pdf/2018-18612.pdf,,
"2013/04/11","28-Aug",C-489,C-570-984,C,"194",ISO,Drawn Stainless Steel Sinks,China,,,"83 FR 43847","2018/08/28",https://www.gpo.gov/fdsys/pkg/FR-2018-08-28/pdf/2018-18612.pdf,,
"05/29/2014",,A-1206,A-588-869,A,"195",ISM,"Diffusion-Annealed, Nickel-Plated Flat-
Rolled Steel Products",Japan,,,"84 FR 54114","2019/10/02",https://www.govinfo.gov/content/pkg/FR-2019-10-09/pdf/2019-22055.pdf,,
"11/06/2014",,A-1227,A-201-844,A,"200",ISM,Steel Concrete Reinforcing Bar,Mexico,,,"79 FR 65925","2014/11/06",http://www.gpo.gov/fdsys/pkg/FR-2014-11-06/pdf/2014-26411.pdf,,
"11/06/2014",,C-502,C-489-819,C,"200",ISM,Steel Concrete Reinforcing Bar,Turkey,,,"79 FR 68926","2014/11/06",http://www.gpo.gov/fdsys/pkg/FR-2014-11-06/pdf/2014-26414.pdf,,
"12/03/2014",,A-1238,A-570-996,A,"202",ISM,Non-Oriented Electrical Steel,China,,,"79 FR 71741","2014/12/03",http://www.gpo.gov/fdsys/pkg/FR-2014-12-03/pdf/2014-28405.pdf,,
"12/03/2014",,A-1239,A-428-843,A,"202",ISM,Non-Oriented Electrical Steel,Germany,,,"79 FR 71741","2014/12/03",http://www.gpo.gov/fdsys/pkg/FR-2014-12-03/pdf/2014-28405.pdf,,
"12/03/2014",,A-1240,A-588-872,A,"202",ISM,Non-Oriented Electrical Steel,Japan,,,"79 FR 71741","2014/12/03",http://www.gpo.gov/fdsys/pkg/FR-2014-12-03/pdf/2014-28405.pdf,,
"12/03/2014",,A-1241,A-580-872,A,"202",ISM,Non-Oriented Electrical Steel,Korea,,,"79 FR 71741","2014/12/03",http://www.gpo.gov/fdsys/pkg/FR-2014-12-03/pdf/2014-28405.pdf,,
"12/03/2014",,A-1242,A-401-809,A,"202",ISM,Non-Oriented Electrical Steel,Sweden,,,"79 FR 71741","2014/12/03",http://www.gpo.gov/fdsys/pkg/FR-2014-12-03/pdf/2014-28405.pdf,,
"12/03/2014",,A-1243,A-583-851,A,"202",ISM,Non-Oriented Electrical Steel,Taiwan,,,"79 FR 71741","2014/12/03",http://www.gpo.gov/fdsys/pkg/FR-2014-12-03/pdf/2014-28405.pdf,,
"12/03/2014",,C-506,C-507-997,C,"202",ISM,Non-Oriented Electrical Steel,China,,,"79 FR 71749","2014/12/03",http://www.gpo.gov/fdsys/pkg/FR-2014-12-03/pdf/2014-28507.pdf,,
"12/03/2014",,C-508,C-583-852,C,"202",ISM,Non-Oriented Electrical Steel,Taiwan,,,"79 FR 71749","2014/12/03",http://www.gpo.gov/fdsys/pkg/FR-2014-12-03/pdf/2014-28507.pdf,,
"2015/01/08",,A-1248,A-570-012,A,"203",ISM,Carbon and Certain Alloy Steel Wire,China,,,"80 FR 1015","2015/01/08",http://www.gpo.gov/fdsys/pkg/FR-2015-01-08/pdf/2015-00096.pdf,,
"2015/01/08",,C-512,C-570-013,C,"203",ISM,Carbon and Certain Alloy Steel Wire,China,,,"80 FR 1018","2015/01/08",http://www.gpo.gov/fdsys/pkg/FR-2015-01-08/pdf/2015-00095.pdf,,
"07/13/2015",,A-1252,A-580-874,A,"206",ISO,Steel Nails,Korea,,,"80 FR 39994","2015/07/13",http://www.gpo.gov/fdsys/pkg/FR-2015-07-13/pdf/2015-17239.pdf,,
"07/13/2015",,A-1253,A-557-816,A,"206",ISO,Steel Nails,Malaysia,,,"80 FR 39994","2015/07/13",http://www.gpo.gov/fdsys/pkg/FR-2015-07-13/pdf/2015-17239.pdf,,
"07/13/2015",,A-1254,A-523-808,A,"206",ISO,Steel Nails,Oman,,,"80 FR 39994","2015/07/13",http://www.gpo.gov/fdsys/pkg/FR-2015-07-13/pdf/2015-17239.pdf,,
"07/13/2015",,A-1255,A-583-854,A,"206",ISO,Steel Nails,Taiwan,,,"80 FR 39994","2015/07/13",http://www.gpo.gov/fdsys/pkg/FR-2015-07-13/pdf/2015-17239.pdf,,
"07/13/2015",,A-1257,A-552-818,A,"206",ISO,Steel Nails,Vietnam,,,"80 FR 39994","2015/07/13",http://www.gpo.gov/fdsys/pkg/FR-2015-07-13/pdf/2015-17239.pdf,,
"07/14/2015",,C-519,C-552-819,C,"206",ISO,Steel Nails,Vietnam,,,"80 FR 41006","2015/07/14",http://www.gpo.gov/fdsys/pkg/FR-2015-07-14/pdf/2015-17363.pdf,,
"10/21/2015",,A-1259,A-570-018,A,"208",MSC,Boltless Steel Shelving Units Prepackaged for Sale,China,,,"80 FR 63741","2015/10/21",http://www.gpo.gov/fdsys/pkg/FR-2015-10-21/pdf/2015-26765.pdf,,
"10/21/2015",,C-523,C-570-019,C,"208",MSC,Boltless Steel Shelving Units Prepackaged for Sale,China,,,"80 FR 63745","2015/10/21",http://www.gpo.gov/fdsys/pkg/FR-2015-10-21/pdf/2015-26764.pdf,,
"07/14/2016",,A-1284,A-570-029,A,"214",ISM,Cold-Rolled Steel Flat Products,China,,,"81 FR 45956","2016/07/14",https://www.gpo.gov/fdsys/pkg/FR-2016-07-14/pdf/2016-16798.pdf,,
"07/14/2016",,A-1286,A-588-873,A,"214",ISM,Cold-Rolled Steel Flat Products,Japan,,,"81 FR 45956","2016/07/14",https://www.gpo.gov/fdsys/pkg/FR-2016-07-14/pdf/2016-16798.pdf,,
"07/14/2016",,C-541,C-570-030,C,"214",ISM,Cold-Rolled Steel Flat Products,China,,,"81 FR 45960","2016/07/14",https://www.gpo.gov/fdsys/pkg/FR-2016-07-14/pdf/2016-16794.pdf,,
"07/25/2016",,A-1274,A-570-026,A,"215",ISM,Corrosion-Resistant Steel Products,China,,,"81 FR 48390","2016/07/25",https://www.gpo.gov/fdsys/pkg/FR-2016-07-25/pdf/2016-17557.pdf,,
"07/25/2016",,A-1275,A-533-863,A,"215",ISM,Corrosion-Resistant Steel Products,India,,,"81 FR 48390","2016/07/25",https://www.gpo.gov/fdsys/pkg/FR-2016-07-25/pdf/2016-17557.pdf,,
"07/25/2016",,A-1276,A-475-832,A,"215",ISM,Corrosion-Resistant Steel Products,Italy,,,"81 FR 48390","2016/07/25",https://www.gpo.gov/fdsys/pkg/FR-2016-07-25/pdf/2016-17557.pdf,,
"07/25/2016",,A-1277,A-580-878,A,"215",ISM,Corrosion-Resistant Steel Products,Korea,,,"81 FR 48390","2016/07/25",https://www.gpo.gov/fdsys/pkg/FR-2016-07-25/pdf/2016-17557.pdf,,
"07/25/2016",,A-1278,A-583-856,A,"215",ISM,Corrosion-Resistant Steel Products,Taiwan,,,"81 FR 48390","2016/07/25",https://www.gpo.gov/fdsys/pkg/FR-2016-07-25/pdf/2016-17557.pdf,,
"07/25/2016",,C-534,C-580-879,C,"215",ISM,Corrosion-Resistant Steel Products,China,,,"81 FR 48387","2016/07/25",https://www.gpo.gov/fdsys/pkg/FR-2016-07-25/pdf/2016-17563.pdf,,
"07/25/2016",,C-535,C-475-833,C,"215",ISM,Corrosion-Resistant Steel Products,India,,,"81 FR 48387","2016/07/25",https://www.gpo.gov/fdsys/pkg/FR-2016-07-25/pdf/2016-17563.pdf,,
"07/25/2016",,C-536,C-570-027,C,"215",ISM,Corrosion-Resistant Steel Products,Italy,,,"81 FR 48387","2016/07/25",https://www.gpo.gov/fdsys/pkg/FR-2016-07-25/pdf/2016-17563.pdf,,
"07/25/2016",,C-537,C-533-864,C,"215",ISM,Corrosion-Resistant Steel Products,Korea,,,"81 FR 48387","2016/07/25",https://www.gpo.gov/fdsys/pkg/FR-2016-07-25/pdf/2016-17563.pdf,,
"09/13/2016",,A-1280,A-580-880,A,"217",ISP,Heavy Walled Rectangular Welded Carbon Steel Pipes and Tubes,Korea,,,"81 FR 62865","2016/09/13",https://www.gpo.gov/fdsys/pkg/FR-2016-09-13/pdf/2016-22003.pdf,,
"09/13/2016",,A-1281,A-201-847,A,"217",ISP,Heavy Walled Rectangular Welded Carbon Steel Pipes and Tubes,Mexico,,,"81 FR 62865","2016/09/13",https://www.gpo.gov/fdsys/pkg/FR-2016-09-13/pdf/2016-22003.pdf,,
"09/13/2016",,A-1282,A-489-824,A,"217",ISP,Heavy Walled Rectangular Welded Carbon Steel Pipes and Tubes,Turkey,,,"81 FR 62865","2016/09/13",https://www.gpo.gov/fdsys/pkg/FR-2016-09-13/pdf/2016-22003.pdf,,
"09/13/2016",,C-539,C-489-825,C,"217",ISP,Heavy Walled Rectangular Welded Carbon Steel Pipes and Tubes,Turkey,,,"81 FR 62874","2016/09/13",https://www.gpo.gov/fdsys/pkg/FR-2016-09-13/pdf/2016-22000.pdf,,
"09/20/2016",,A-1283,A-351-843,A,"218",ISM,Cold-Rolled Steel Flat Products,Brazil,,,"81 FR 64432","2016/09/20",https://www.gpo.gov/fdsys/pkg/FR-2016-09-20/pdf/2016-22613.pdf,,
"09/20/2016",,A-1285,A-533-865,A,"218",ISM,Cold-Rolled Steel Flat Products,India,,,"81 FR 64432","2016/09/20",https://www.gpo.gov/fdsys/pkg/FR-2016-09-20/pdf/2016-22613.pdf,,
"09/20/2016",,A-1287,A-580-881,A,"218",ISM,Cold-Rolled Steel Flat Products,Korea,,,"81 FR 64432","2016/09/20",https://www.gpo.gov/fdsys/pkg/FR-2016-09-20/pdf/2016-22613.pdf,,
"09/20/2016",,A-1290,A-412-824,A,"218",ISM,Cold-Rolled Steel Flat Products,U.K.,,,"81 FR 64432","2016/09/20",https://www.gpo.gov/fdsys/pkg/FR-2016-09-20/pdf/2016-22613.pdf,,
"09/20/2016",,C-540,C-351-844,C,"218",ISM,Cold-Rolled Steel Flat Products,Brazil,,,"81 FR 64436","2016/09/20",https://www.gpo.gov/fdsys/pkg/FR-2016-09-20/pdf/2016-22614.pdf,,
"09/20/2016",,C-542,C-533-866,C,"218",ISM,Cold-Rolled Steel Flat Products,India,,,"81 FR 64436","2016/09/20",https://www.gpo.gov/fdsys/pkg/FR-2016-09-20/pdf/2016-22614.pdf,,
"09/20/2016",,C-543,C-580-882,C,"218",ISM,Cold-Rolled Steel Flat Products,Korea,,,"81 FR 64436","2016/09/20",https://www.gpo.gov/fdsys/pkg/FR-2016-09-20/pdf/2016-22614.pdf,,
"10/03/2016",,A-1291,A-602-809,A,"219",ISM,Hot-rolled carbon steel flat products,Australia,,,"81 FR 67962","2016/10/03",https://www.gpo.gov/fdsys/pkg/FR-2016-10-03/pdf/2016-23836.pdf,,
"10/03/2016",,A-1292,A-351-845,A,"219",ISM,Hot-rolled carbon steel flat products,Brazil,,,"81 FR 67962","2016/10/03",https://www.gpo.gov/fdsys/pkg/FR-2016-10-03/pdf/2016-23836.pdf,,
"10/03/2016",,A-1293,A-588-874,A,"219",ISM,Hot-rolled carbon steel flat products,Japan,,,"81 FR 67962","2016/10/03",https://www.gpo.gov/fdsys/pkg/FR-2016-10-03/pdf/2016-23836.pdf,,
"10/03/2016",,A-1294,A-580-883,A,"219",ISM,Hot-rolled carbon steel flat products,Korea,,,"81 FR 67962","2016/10/03",https://www.gpo.gov/fdsys/pkg/FR-2016-10-03/pdf/2016-23836.pdf,,
"10/03/2016",,A-1295,A-421-813,A,"219",ISM,Hot-rolled carbon steel flat products,Netherlands,,,"81 FR 67962","2016/10/03",https://www.gpo.gov/fdsys/pkg/FR-2016-10-03/pdf/2016-23836.pdf,,
"10/03/2016",,A-1296,A-489-826,A,"219",ISM,Hot-rolled carbon steel flat products,Turkey,,,"81 FR 67962","2016/10/03",https://www.gpo.gov/fdsys/pkg/FR-2016-10-03/pdf/2016-23836.pdf,,
"10/03/2016",,A-1297,A-412-825,A,"219",ISM,Hot-rolled carbon steel flat products,U.K.,,,"81 FR 67962","2016/10/03",https://www.gpo.gov/fdsys/pkg/FR-2016-10-03/pdf/2016-23836.pdf,,
"10/03/2016",,C-545,C-351-846,C,"219",ISM,Hot-rolled carbon steel flat products,Brazil,,,"81 FR 67960","2016/10/03",https://www.gpo.gov/fdsys/pkg/FR-2016-10-03/pdf/2016-23835.pdf,,
"10/03/2016",,C-546,C-580-884,C,"219",ISM,Hot-rolled carbon steel flat products,Korea,,,"81 FR 67960","2016/10/03",https://www.gpo.gov/fdsys/pkg/FR-2016-10-03/pdf/2016-23835.pdf,,
"12/19/2016",,A-1299,A-523-812,A,"221",ISP,Circular Welded Carbon-Quality Steel Pipe,Oman,,,"81 FR 91906","2016/12/19",https://www.govinfo.gov/content/pkg/FR-2016-12-19/pdf/2016-30535.pdf,,
"12/19/2016",,A-1300,A-535-903,A,"221",ISP,Circular Welded Carbon-Quality Steel Pipe,Pakistan,,,"81 FR 91906","2016/12/19",https://www.govinfo.gov/content/pkg/FR-2016-12-19/pdf/2016-30535.pdf,,
"12/19/2016",,A-1302,A-520-807,A,"221",ISP,Circular Welded Carbon-Quality Steel Pipe,United Arab Emirates,,,"81 FR 91906","2016/12/19",https://www.govinfo.gov/content/pkg/FR-2016-12-19/pdf/2016-30535.pdf,,
"01/26/2017",,A-1319,A-351-847,A,"222",ISM,Carbon and Alloy Steel Cut-to-Length Plate,Brazil,,,"82 FR 8911","2017/02/01",https://www.gpo.gov/fdsys/pkg/FR-2017-02-01/pdf/2017-02204.pdf,,
"01/26/2017",,A-1326,A-791-822,A,"222",ISM,Carbon and Alloy Steel Cut-to-Length Plate,South Africa,,,"82 FR 8911","2017/02/01",https://www.gpo.gov/fdsys/pkg/FR-2017-02-01/pdf/2017-02204.pdf,,
"01/26/2017",,A-1328,A-489-828,A,"222",ISM,Carbon and Alloy Steel Cut-to-Length Plate,Turkey,,,"82 FR 8911","2017/02/01",https://www.gpo.gov/fdsys/pkg/FR-2017-02-01/pdf/2017-02204.pdf,,
"03/20/2017",,A-1320,A-570-047,A,"222",ISM,Carbon and Alloy Steel Cut-to-Length Plate,China,,,"82 FR 14349","2017/03/20",https://www.gpo.gov/fdsys/pkg/FR-2017-03-20/pdf/2017-05440.pdf,,
"03/20/2017",,C-560,C-570-048,C,"222",ISM,Carbon and Alloy Steel Cut-to-Length Plate,China,,,"82 FR 14346","2017/03/20",https://www.gpo.gov/fdsys/pkg/FR-2017-03-20/pdf/2017-05441.pdf,,
"04/03/2017",,A-1312,A-570-042,A,"228",ISM,Stainless Steel Sheet and Strip,China,,,"82 FR 16160","2017/04/03",https://www.gpo.gov/fdsys/pkg/FR-2017-04-03/pdf/2017-06488.pdf,,
"04/03/2017",,C-557,C-570-043,C,"228",ISM,Stainless Steel Sheet and Strip,China,,,"82 FR 16166","2017/04/03",https://www.gpo.gov/fdsys/pkg/FR-2017-04-03/pdf/2017-06489.pdf,,
"05/25/2017",,A-1317,A-433-812,A,"222",ISM,Carbon and Alloy Steel Cut-to-Length Plate ,Austria,,,"82 FR 24096","2017/05/25",https://www.gpo.gov/fdsys/pkg/FR-2017-05-25/pdf/2017-10757.pdf,,
"05/25/2017",,A-1318,A-423-812,A,"222",ISM,Carbon and Alloy Steel Cut-to-Length Plate ,Belguim,,,"82 FR 24096","2017/05/25",https://www.gpo.gov/fdsys/pkg/FR-2017-05-25/pdf/2017-10757.pdf,,
"05/25/2017",,A-1321,A-427-828,A,"222",ISM,Carbon and Alloy Steel Cut-to-Length Plate ,France,,,"82 FR 24096","2017/05/25",https://www.gpo.gov/fdsys/pkg/FR-2017-05-25/pdf/2017-10757.pdf,,
"05/25/2017",,A-1322,A-428-844,A,"222",ISM,Carbon and Alloy Steel Cut-to-Length Plate ,Germany,,,"82 FR 24096","2017/05/25",https://www.gpo.gov/fdsys/pkg/FR-2017-05-25/pdf/2017-10757.pdf,,
"05/25/2017",,A-1323,A-475-834,A,"222",ISM,Carbon and Alloy Steel Cut-to-Length Plate ,Italy,,,"82 FR 24096","2017/05/25",https://www.gpo.gov/fdsys/pkg/FR-2017-05-25/pdf/2017-10757.pdf,,
"05/25/2017",,A-1324,A-588-875,A,"222",ISM,Carbon and Alloy Steel Cut-to-Length Plate ,Japan,,,"82 FR 24096","2017/05/25",https://www.gpo.gov/fdsys/pkg/FR-2017-05-25/pdf/2017-10757.pdf,,
"05/25/2017",,A-1325,A-580-887,A,"222",ISM,Carbon and Alloy Steel Cut-to-Length Plate ,Korea,,,"82 FR 24096","2017/05/25",https://www.gpo.gov/fdsys/pkg/FR-2017-05-25/pdf/2017-10757.pdf,,
"05/25/2017",,A-1327,A-583-858,A,"222",ISM,Carbon and Alloy Steel Cut-to-Length Plate ,Taiwan,,,"82 FR 24096","2017/05/25",https://www.gpo.gov/fdsys/pkg/FR-2017-05-25/pdf/2017-10757.pdf,,
"05/25/2017",,C-561,C-580-888,C,"222",ISM,Carbon and Alloy Steel Cut-to-Length Plate ,Korea,,,"82 FR 24103","2017/05/25",https://www.gpo.gov/fdsys/pkg/FR-2017-05-25/pdf/2017-10756.pdf,,
"06/14/2017",,A-1333,A-469-815,A,"233",ISO,Finished Carbon Steel Flanges,Spain,,,"82 FR 27229","2017/06/14",https://www.gpo.gov/fdsys/pkg/FR-2017-06-14/pdf/2017-12404.pdf,,
"07/14/2017",,A-1340,A-489-829,A,"234",ISM,Steel Concrete Reinforcing Bar,Turkey,,,"82 FR 32532","2017/07/14",https://www.gpo.gov/fdsys/pkg/FR-2017-07-14/pdf/2017-14802.pdf,,
"07/14/2017",,A-1388,A-489-829,A,"234",ISM,Steel Concrete Reinforcing Bar,Japan,,,"82 FR 32532","2017/07/14",https://www.gpo.gov/fdsys/pkg/FR-2017-07-14/pdf/2017-14802.pdf,,
"07/14/2017",,C-564,C-489-830,C,"234",ISM,Steel Concrete Reinforcing Bar,Turkey,,,"82 FR 32531","2017/07/14",https://www.gpo.gov/fdsys/pkg/FR-2017-07-14/pdf/2017-14803.pdf,,
"08/24/2017",,A-1331,A-533-871,A,"236",ISO,Finished Carbon Steel Flanges,India,,,"82 FR 40136","2017/08/24",https://www.gpo.gov/fdsys/pkg/FR-2017-08-24/pdf/2017-18056.pdf,,
"08/24/2017",,A-1332,A-475-835,A,"236",ISO,Finished Carbon Steel Flanges,Italy,,,"82 FR 40136","2017/08/24",https://www.gpo.gov/fdsys/pkg/FR-2017-08-24/pdf/2017-18056.pdf,,
"08/24/2017",,C-563,C-533-872,C,"236",ISO,Finished Carbon Steel Flanges,India,,,"82 FR 40138","2017/08/24",https://www.gpo.gov/fdsys/pkg/FR-2017-08-24/pdf/2017-18057.pdf,,
"10/02/2017",,A-1339,A-583-859,A,"238",ISM,Steel Concrete Reinforcing Bar,Taiwan,,,"82 FR 45809","2017/10/02",https://www.gpo.gov/fdsys/pkg/FR-2017-10-02/pdf/2017-20925.pdf,,
"01/24/2018",,A-1349,A-822-806,A,"243",ISM,Carbon and Alloy Steel Wire Rod,Belarus,,,"83 FR 3297","2018/01/24",https://www.gpo.gov/fdsys/pkg/FR-2018-01-24/pdf/2018-01254.pdf,,
"01/24/2018",,A-1352,A-821-824,A,"243",ISM,Carbon and Alloy Steel Wire Rod,Russia,,,"83 FR 3297","2018/01/24",https://www.gpo.gov/fdsys/pkg/FR-2018-01-24/pdf/2018-01254.pdf,,
"01/24/2018",,A-1357,A-520-808,A,"243",ISM,Carbon and Alloy Steel Wire Rod,United Arab Emirates,,,"83 FR 3297","2018/01/24",https://www.gpo.gov/fdsys/pkg/FR-2018-01-24/pdf/2018-01254.pdf,,
"02/01/2018",,C-576,C-570-059,C,"251",ISP,Cold-Drawn Mechanical Tubing of Carbon and Alloy Steel,China,,,"83 FR 4637","2018/02/01",https://www.gpo.gov/fdsys/pkg/FR-2018-02-01/pdf/2018-02045.pdf,,
"02/01/2018",,C-577,C-533-874,C,"251",ISP,Cold-Drawn Mechanical Tubing of Carbon and Alloy Steel,India,,,"83 FR 4637","2018/02/01",https://www.gpo.gov/fdsys/pkg/FR-2018-02-01/pdf/2018-02045.pdf,,
"03/14/2018",,A-1353,A-791-823,A,"243",ISM,Carbon and Alloy Steel Wire Rod,South Africa,,,"83 FR 1115","2018/03/14",https://www.gpo.gov/fdsys/pkg/FR-2018-03-14/pdf/2018-05153.pdf,,
"03/14/2018",,A-1356,A-823-816,A,"243",ISM,Carbon and Alloy Steel Wire Rod,Ukraine,,,"83 FR 1115","2018/03/14",https://www.gpo.gov/fdsys/pkg/FR-2018-03-14/pdf/2018-05153.pdf,,
"05/21/2018",,C-573,C-475-837,C,"243",ISM,Carbon and Alloy Steel Wire Rod ,Italy,,,"83 FR 23420","2018/05/21",https://www.gpo.gov/fdsys/pkg/FR-2018-05-21/pdf/2018-10880.pdf,,
"05/21/2018",,C-574,C-489-832,C,"243",ISM,Carbon and Alloy Steel Wire Rod ,Turkey,,,"83 FR 23420","2018/05/21",https://www.gpo.gov/fdsys/pkg/FR-2018-05-21/pdf/2018-10880.pdf,,
"05/21/2018",,A-1350,A-475-836,A,"243",ISM,Carbon and Alloy Steel Wire Rod ,Italy,,,"83 FR 23417 ","05/21/2018",https://www.govinfo.gov/content/pkg/FR-2018-05-21/pdf/2018-10879.pdf,,
"05/21/2018",,A-1351,A-580-891,A,"243",ISM,Carbon and Alloy Steel Wire Rod ,Korea,,,"83 FR 23417 ","05/21/2018",https://www.govinfo.gov/content/pkg/FR-2018-05-21/pdf/2018-10879.pdf,,
"05/21/2018",,A-1354,A-469-816,A,"243",ISM,Carbon and Alloy Steel Wire Rod ,Spain,,,"83 FR 23417 ","05/21/2018",https://www.govinfo.gov/content/pkg/FR-2018-05-21/pdf/2018-10879.pdf,,
"05/21/2018",,A-1355,A-489-831,A,"243",ISM,Carbon and Alloy Steel Wire Rod ,Turkey,,,"83 FR 23417 ","05/21/2018",https://www.govinfo.gov/content/pkg/FR-2018-05-21/pdf/2018-10879.pdf,,
"05/21/2018",,A-1358,A-412-826,A,"243",ISM,Carbon and Alloy Steel Wire Rod ,United Kingdom,,,"83 FR 23417 ","05/21/2018",https://www.govinfo.gov/content/pkg/FR-2018-05-21/pdf/2018-10879.pdf,,
"06/05/2018",,C-585,C-570-065,C,"250",ISO,Stainless Steel Flanges,China,,,"83 FR 26006","2018/06/05",https://www.gpo.gov/fdsys/pkg/FR-2018-06-05/pdf/2018-11908.pdf,,
"06/11/2018",,A-1362,A-570-058,A,"251",ISP,Cold-Drawn Mechanical Tubing of Carbon and Alloy Steel,China,,,"83 FR 26962","2018/06/11",https://www.gpo.gov/fdsys/pkg/FR-2018-06-11/pdf/2018-12593.pdf,,
"06/11/2018",,A-1363,A-428-845,A,"251",ISP,Cold-Drawn Mechanical Tubing of Carbon and Alloy Steel,Germany,,,"83 FR 26962","2018/06/11",https://www.gpo.gov/fdsys/pkg/FR-2018-06-11/pdf/2018-12593.pdf,,
"06/11/2018",,A-1364,A-533-873,A,"251",ISP,Cold-Drawn Mechanical Tubing of Carbon and Alloy Steel,India,,,"83 FR 26962","2018/06/11",https://www.gpo.gov/fdsys/pkg/FR-2018-06-11/pdf/2018-12593.pdf,,
"06/11/2018",,A-1365,A-475-838,A,"251",ISP,Cold-Drawn Mechanical Tubing of Carbon and Alloy Steel,Italy,,,"83 FR 26962","2018/06/11",https://www.gpo.gov/fdsys/pkg/FR-2018-06-11/pdf/2018-12593.pdf,,
"06/11/2018",,A-1366,A-580-892,A,"251",ISP,Cold-Drawn Mechanical Tubing of Carbon and Alloy Steel,Korea,,,"83 FR 26962","2018/06/11",https://www.gpo.gov/fdsys/pkg/FR-2018-06-11/pdf/2018-12593.pdf,,
"06/11/2018",,A-1367,A-441-801,A,"251",ISP,Cold-Drawn Mechanical Tubing of Carbon and Alloy Steel,Switzerland,,,"83 FR 26962","2018/06/11",https://www.gpo.gov/fdsys/pkg/FR-2018-06-11/pdf/2018-12593.pdf,,
"08/01/2018",,A-1383,A-570-064,A,"250",ISO,Stainless Steel Flanges,China,,,"83 FR 37468","2018/08/01",https://www.gpo.gov/fdsys/pkg/FR-2018-08-01/pdf/2018-16348.pdf,,
"08/31/2018",,A-1381,A-570-062,A,"252",ISO,Cast Iron Soil Pipe Fittings,China,,,"83 FR 44570","2018/08/31",https://www.gpo.gov/fdsys/pkg/FR-2018-08-31/pdf/2018-19094.pdf,,
"08/31/2018",,C-583,C-570-063,C,"252",ISO,Cast Iron Soil Pipe Fittings,China,,,"83 FR 44566","2018/08/31",https://www.gpo.gov/fdsys/pkg/FR-2018-08-31/pdf/2018-19095.pdf,,
"09/24/2018",,A-1396,A-583-863,A,"253",ISO,Forged Steel Fittings,Taiwan,,,"83 FR 48280","2018/09/24",https://www.gpo.gov/fdsys/pkg/FR-2018-09-24/pdf/2018-20797.pdf,,
"10/05/2018",,C-586,C-53-878,C,"250",ISO,Stainless Steel Flanges,India,,,"83 FR 50336","2018/10/05",https://www.gpo.gov/fdsys/pkg/FR-2018-10-05/pdf/2018-21732.pdf,,
"10/09/2018",,A-1384,A-533-877,A,"250",ISO,Stainless Steel Flanges,India,,,"83 FR 50639","2018/10/09",https://www.gpo.gov/fdsys/pkg/FR-2018-10-09/pdf/2018-21851.pdf,,
"11/26/2018",,A-1394,A-475-839,A,"253",ISO,Forged Steel Fittings,Italy,,,"83 FR 60397","2018/11/26",https://www.gpo.gov/fdsys/pkg/FR-2018-11-26/pdf/2018-25703.pdf,,
"11/26/2018",,A-1395,A-570-067,A,"253",ISO,Forged Steel Fittings,China,,,"83 FR 60397","2018/11/26",https://www.gpo.gov/fdsys/pkg/FR-2018-11-26/pdf/2018-25703.pdf,,
"11/26/2018",,C-589,C-570-068,C,"253",ISO,Forged Steel Fittings,China,,,"83 FR 60396","2018/11/26",https://www.gpo.gov/fdsys/pkg/FR-2018-11-26/pdf/2018-25704.pdf,,
"04/26/2019",,A-1407,A-570-079,A,"259",ISP,Cast Iron Soil Pipe,China,,,"84 FR 19035","2019/05/03",https://www.govinfo.gov/content/pkg/FR-2019-05-03/pdf/2019-09068.pdf,,
"04/26/2019",,C-597,C-570-080,C,"259",ISP,Cast Iron Soil Pipe,China,,,"84 FR 19039","2019/05/03",https://www.govinfo.gov/content/pkg/FR-2019-05-03/pdf/2019-09067.pdf,,
"05/21/2019",,A-1412,A-570-082,A,"254",TR,Steel Wheels,China,,,"84 FR 24098","2019/05/24",https://www.govinfo.gov/content/pkg/FR-2019-05-24/pdf/2019-11015.pdf,,
"05/21/2019",,C-602,C-570-083,C,"254",TR,Steel Wheels,China,,,"84 FR 24098","2019/05/24",https://www.govinfo.gov/content/pkg/FR-2019-05-24/pdf/2019-11015.pdf,,
"08/07/2019",,A-1441,A-570-086,A,"258",ISO,Steel Propane Cylinders,China,,,"84 FR 41703 ","2019/08/15",https://www.govinfo.gov/content/pkg/FR-2019-08-15/pdf/2019-17312.pdf,,
"08/07/2019",,C-607,C-570-087,C,"260",ISO,Steel Propane Cylinders,China,,,"84 FR 41700 ","08/15/2019",https://www.govinfo.gov/content/pkg/FR-2019-08-15/pdf/2019-17313.pdf,,
"08/07/2019",,A-1444,A-549-839,A,"260",ISO,Steel Propane Cylinders,Thailand ,,,"84 FR 41703 ","2019/08/15",https://www.govinfo.gov/content/pkg/FR-2019-08-15/pdf/2019-17312.pdf,,
"08/23/2019",,A-1421,A-570-090,A,"262",TR,Steel Trailer Wheels,China,,,"84 FR 45952","2019/09/03",https://www.govinfo.gov/content/pkg/FR-2019-09-03/pdf/2019-18937.pdf,,
"08/23/2019",,C-609,C-570-091,C,"262",TR,Steel Trailer Wheels,China,,,"84 FR 45952","2019/09/03",https://www.govinfo.gov/content/pkg/FR-2019-09-03/pdf/2019-18937.pdf,,
"09/11/2019",,A-1420,A-570-088,A,"263",ISO,Steel Racks,China,,,"84 FR 48584","2019/09/16",https://www.govinfo.gov/content/pkg/FR-2019-09-16/pdf/2019-19949.pdf,,
"09/11/2019",,C-608,C–570–089,C,"263",MSC,Steel Racks,China,,,"84 FR 48584","2019/09/16",https://www.govinfo.gov/content/pkg/FR-2019-09-16/pdf/2019-19949.pdf,,
"10/04/2019",,A-1427,A–201–849,A,"268",ISO,Refillable Stainless Steel Kegs,Mexico,,,"84 FR 54591 ",          10/0/2019,https://www.govinfo.gov/content/pkg/FR-2019-10-10/pdf/2019-22279.pdf,,
"12/06/2019",,A-1444,A–549–840,A,"274",ISO,Carbon and Alloy Steel Threaded Rod,Thailand ,,,"84 FR 68108
","2019/12/13",https://www.govinfo.gov/content/pkg/FR-2019-12-13/pdf/2019-27044.pdf,,
"12/11/2019",,A-1425,A-570-093,A,"268",ISO,Refillable Stainless Steel Kegs,China ,,," 84 FR 68405
","2019/12/16",https://www.govinfo.gov/content/pkg/FR-2019-12-16/pdf/2019-27128.pdf,,
"12/11/2019",,C-610,C-570-094,C,"268",ISO,Refillable Stainless Steel Kegs,China,,,"84 FR 68400","2019/12/16",https://www.govinfo.gov/content/pkg/FR-2019-12-16/pdf/2019-27129.pdf,,
"01/24/2020",,A-1443,A-583-865,A,"274",ISO,Carbon and Alloy Steel Threaded Rod,Taiwan ,,,"85 FR 6511","2020/02/05",https://www.govinfo.gov/content/pkg/FR-2020-02-05/pdf/2020-02274.pdf,,
"04/03/2020",,A-1441,A-570-104,A,"274",ISO,Carbon and Alloy Steel Threaded Rod,China,,,"85 FR 19929","2020/04/09",https://www.govinfo.gov/content/pkg/FR-2020-04-09/pdf/2020-07482.pdf,,
"04/03/2020",,A-1442,A-533-887,A,"274",ISO,Carbon and Alloy Steel Threaded Rod,India,,,"85 FR 19925","2020/04/09",https://www.govinfo.gov/content/pkg/FR-2020-04-09/pdf/2020-07481.pdf,,
"04/03/2020",,C-619,C-533-888,C,"274",ISO,Carbon and Alloy Steel Threaded Rod,India,,,"85 FR 19927","2020/04/09",https://www.govinfo.gov/content/pkg/FR-2020-04-09/pdf/2020-07483.pdf,,
"04/03/2020",,C-618, C-570-105,C,"274",ISO,Carbon and Alloy Steel Threaded Rod,China,,,"85 FR 19927","2020/04/09",https://www.govinfo.gov/content/pkg/FR-2020-04-09/pdf/2020-07483.pdf,,
"07/14/2020",,A-1452,A-570-112,A,"281",MSC,Certain Collated Steel Staples,China,,,"85 FR 43815","2020/07/20",https://www.govinfo.gov/content/pkg/FR-2020-07-20/pdf/2020-15622.pdf,,
"2020/07/14",,C-626,C-570-113,C,"281",MSC,Certain Collated Steel Staples,China,,,"85 FR 43813","2020/07/20",https://www.govinfo.gov/content/pkg/FR-2020-07-20/pdf/2020-15623.pdf,,
